{
    "name": "world-script-macro",
    "title": "World Script Macro",
    "description": "Runs any macro named World Script on canvasInit",
    "author": "Xaukael",
    "version": "1.0.0",
    "minimumCoreVersion": "9",
    "compatibleCoreVersion": "9",
    "esmodules": ["/module.js"],
    "url": "https://github.com/xaukael/macro-world-script",
    "manifest": "https://github.com/xaukael/macro-world-script/raw/main/module.json",
    "download": "https://github.com/xaukael/macro-world-script/raw/main/world-script-macro.zip"
}
